sex,rate_2023,deaths_2023,pop_2023,averted_who_9_per100k
Male,16.063130757259763,118455.6403515517,743343338.0650147,52503.31194291148
Female,11.55961201592116,81604.74108356913,700041784.3913244,17918.353629749246
Both,13.86049906726626,200060.38143512083,1443385122.4563391,70155.72041405032
