{
  "n_states": 30,
  "national_rate_used_per100k": 14.432686721296877,
  "alpha_mean": -9.221039592149264,
  "alpha_hdi95": [
    -9.53754093359888,
    -8.900538408895587
  ],
  "sigma_mean": 0.957089681101975,
  "sigma_hdi95": [
    0.7542538535190992,
    1.214091670330571
  ],
  "max_r_hat": 1.0,
  "min_ess_bulk": 1357.0,
  "convergence_ok": true,
  "chains": 4,
  "warmup": 2000,
  "draws": 2000,
  "seed": 20260528
}